customer_id,name
4,First4 Last4
6,First6 Last6
9,First9 Last9
10,First10 Last10
17,First17 Last17
20,First20 Last20
21,First21 Last21
23,First23 Last23
26,First26 Last26
30,First30 Last30
32,First32 Last32
33,First33 Last33
36,First36 Last36
38,First38 Last38
39,First39 Last39
40,First40 Last40
42,First42 Last42
43,First43 Last43
44,First44 Last44
45,First45 Last45
47,First47 Last47
50,First50 Last50
52,First52 Last52
55,First55 Last55
56,First56 Last56
57,First57 Last57
59,First59 Last59
62,First62 Last62
63,First63 Last63
66,First66 Last66
68,First68 Last68
69,First69 Last69
70,First70 Last70
74,First74 Last74
77,First77 Last77
78,First78 Last78
80,First80 Last80
81,First81 Last81
83,First83 Last83
85,First85 Last85
87,First87 Last87
91,First91 Last91
92,First92 Last92
93,First93 Last93
96,First96 Last96
99,First99 Last99
100,First100 Last100
102,First102 Last102
103,First103 Last103
105,First105 Last105
106,First106 Last106
110,First110 Last110
112,First112 Last112
114,First114 Last114
117,First117 Last117
118,First118 Last118
119,First119 Last119
122,First122 Last122
123,First123 Last123
125,First125 Last125
127,First127 Last127
129,First129 Last129
130,First130 Last130
132,First132 Last132
134,First134 Last134
136,First136 Last136
137,First137 Last137
138,First138 Last138
143,First143 Last143
147,First147 Last147
148,First148 Last148
149,First149 Last149
151,First151 Last151
152,First152 Last152
154,First154 Last154
155,First155 Last155
156,First156 Last156
159,First159 Last159
161,First161 Last161
162,First162 Last162
164,First164 Last164
167,First167 Last167
169,First169 Last169
170,First170 Last170
171,First171 Last171
172,First172 Last172
173,First173 Last173
177,First177 Last177
179,First179 Last179
181,First181 Last181
182,First182 Last182
184,First184 Last184
186,First186 Last186
188,First188 Last188
189,First189 Last189
192,First192 Last192
193,First193 Last193
194,First194 Last194
195,First195 Last195
196,First196 Last196
197,First197 Last197
198,First198 Last198
199,First199 Last199
201,First201 Last201
202,First202 Last202
203,First203 Last203
204,First204 Last204
205,First205 Last205
207,First207 Last207
208,First208 Last208
210,First210 Last210
213,First213 Last213
215,First215 Last215
216,First216 Last216
218,First218 Last218
222,First222 Last222
223,First223 Last223
225,First225 Last225
226,First226 Last226
227,First227 Last227
230,First230 Last230
233,First233 Last233
234,First234 Last234
235,First235 Last235
236,First236 Last236
238,First238 Last238
240,First240 Last240
241,First241 Last241
242,First242 Last242
243,First243 Last243
249,First249 Last249
251,First251 Last251
252,First252 Last252
254,First254 Last254
257,First257 Last257
259,First259 Last259
260,First260 Last260
262,First262 Last262
263,First263 Last263
266,First266 Last266
267,First267 Last267
270,First270 Last270
271,First271 Last271
272,First272 Last272
274,First274 Last274
275,First275 Last275
276,First276 Last276
277,First277 Last277
279,First279 Last279
280,First280 Last280
282,First282 Last282
284,First284 Last284
285,First285 Last285
286,First286 Last286
287,First287 Last287
288,First288 Last288
289,First289 Last289
292,First292 Last292
293,First293 Last293
295,First295 Last295
296,First296 Last296
297,First297 Last297
298,First298 Last298
300,First300 Last300
301,First301 Last301
302,First302 Last302
306,First306 Last306
307,First307 Last307
308,First308 Last308
310,First310 Last310
311,First311 Last311
312,First312 Last312
313,First313 Last313
315,First315 Last315
316,First316 Last316
317,First317 Last317
319,First319 Last319
322,First322 Last322
324,First324 Last324
325,First325 Last325
327,First327 Last327
328,First328 Last328
329,First329 Last329
330,First330 Last330
331,First331 Last331
332,First332 Last332
333,First333 Last333
334,First334 Last334
338,First338 Last338
339,First339 Last339
340,First340 Last340
342,First342 Last342
344,First344 Last344
345,First345 Last345
346,First346 Last346
347,First347 Last347
348,First348 Last348
350,First350 Last350
